{
  "initial_cash": 10000.0,
  "final_equity": 10000.010540000001,
  "total_return": 1.054000000166866e-06,
  "max_drawdown_pct": 0.00010469988482271685,
  "max_drawdown_money": 0.010469999999259016,
  "sharpe_ratio": null,
  "sqn": 0,
  "trades_total": 1,
  "trades_won": 0,
  "trades_lost": 0,
  "avg_trade_pnl": null,
  "episode_reward": 1.0190000000875441e-06,
  "episode_length": 501,
  "eval_seed": 0,
  "mode": "train"
}