{
  "learning_rate": 0.0003102795988181382,
  "n_steps": 552,
  "batch_size": 123,
  "n_epochs": 12,
  "gamma": 0.9882744053222476,
  "gae_lambda": 0.841504118113894,
  "clip_range": 0.1417821115594458,
  "ent_coef": 0.0069872892483339435,
  "_best_fitness": 7.001151939697441e-09
}